account_name,symbol,base_symbol,trade_count,first_trade,last_trade
3Q_sim10,CL,CL,642,2024-08-12T14:25:05.878571,2025-04-22T16:41:20.551722
3Q_sim13,CL,CL,12239,2024-08-12T01:44:41.523696,2026-07-17T19:54:59.004702
3Q_sim13,NQ,NQ,325,2024-01-22T00:09:26,2024-02-15T01:20:00.000001
3Q_sim14,CL,CL,45482,2024-08-12T13:54:09.577895,2026-07-17T19:49:08.099402
3Q_sim14,NQ,NQ,413,2024-01-22T00:11:26,2024-02-13T13:32:42
3Q_sim15,CL,CL,10230,2024-08-12T13:56:33.861536,2026-07-17T19:03:57.796339
3Q_sim15,NQ,NQ,360,2024-01-22T00:11:26,2024-02-06T01:20:22
3Q_sim16,CL,CL,2882,2024-08-13T13:21:35.757567,2026-07-15T19:12:53.170474
3Q_sim16,NQ,NQ,478,2024-01-22T00:11:26,2024-02-15T08:19:07
3Q_sim19,CL,CL,3325,2024-08-13T14:08:24.280249,2026-07-17T10:23:56.512006
3Q_sim19,NQ,NQ,460,2024-01-22T00:11:26,2024-02-15T08:19:07
3Q_sim7,CL,CL,2747,2024-08-11T22:00:00.928310,2026-07-17T10:23:56.433795
3Q_sim7,NQ,NQ,347,2024-01-22T00:09:26,2024-02-15T01:20:00.000001
3Q_sim8,NQ,NQ,543,2024-01-22T00:11:26,2024-02-15T08:19:07
3Q_sim9,NQ,NQ,40,2024-01-22T00:09:26,2024-02-15T01:10:52
A_sim10,NQ,NQ,385,2024-01-22T00:09:26,2024-05-20T16:44:39
A_sim13,NQ,NQ,283,2024-01-22T01:00:02,2024-02-15T01:10:51
A_sim14,NQ,NQ,12865,2024-01-22T00:11:26,2024-05-21T18:00:00
A_sim15,NQ,NQ,6549,2024-01-22T00:11:26,2024-05-20T18:47:50
A_sim16,NQ,NQ,679,2024-01-22T00:11:26,2024-05-23T14:11:32
A_sim19,NQ,NQ,485,2024-01-22T00:11:26,2024-05-23T15:00:17
A_sim7,NQ,NQ,588,2024-01-22T00:09:26,2024-05-20T18:07:40
A_sim8,NQ,NQ,226,2024-01-22T00:09:25,2024-02-15T01:13:53
A_sim9,NQ,NQ,38,2024-01-22T00:09:26,2024-02-15T01:10:52
B_sim14,NQ,NQ,6609,2024-01-22T14:43:05,2024-05-20T19:59:15
CL-TS_2,CL,CL,99,2024-05-24T07:52:52.838353,2024-05-24T20:15:30.600618
CL-TS_3,CL,CL,37,2024-05-24T10:34:53.800005,2024-05-24T20:15:30.416912
CL-TS_4,CL,CL,213,2024-05-24T08:03:44.612785,2024-05-24T20:49:41.039158
CL-TS_5,CL,CL,215,2024-05-24T08:03:44.261584,2024-05-24T20:49:40.975305
CL-TS_6,CL,CL,255,2024-05-24T08:03:44.612615,2024-05-24T20:49:41.039356
CL-TS_7,CL,CL,7,2024-05-24T08:28:54.542414,2024-05-24T20:59:06.721807
ES-IPSMUD1,ES,ES,575,2024-05-23T15:04:02.432347,2024-09-04T04:12:13.548578
ES-IPSPB1,ES,ES,371,2024-05-23T13:35:17.468195,2024-09-03T19:59:33.327674
ES-IPS_TM_10,ES,ES,2818,2024-05-23T13:29:55.919462,2024-07-31T10:05:52.986846
ES-IPS_TM_11,ES,ES,34997,2024-05-23T13:27:38.070138,2026-07-17T19:56:10.135449
ES-IPS_TM_12,ES,ES,9957,2024-05-23T13:27:41.542014,2026-07-17T19:48:40.933648
ES-IPS_TM_13,ES,ES,5199,2024-05-23T13:35:17.277562,2026-07-17T19:48:06.645835
ES-IPS_TM_3,ES,ES,8397,2024-05-24T11:26:26.524328,2026-07-17T19:50:18.373428
ES-IPS_TM_3,NQ,NQ,21,2024-05-23T14:07:39.903051,2024-05-23T14:07:57.340752
ES-IPS_TM_5,ES,ES,213035,2024-05-23T13:24:51.086163,2026-07-17T19:54:58.714278
ES-IPS_TM_5dupl,ES,ES,33233,2024-05-23T13:29:56.376755,2026-07-17T19:54:49.360405
ES-IPS_TM_6,ES,ES,9973,2024-05-24T08:12:37.181871,2026-07-17T19:54:59.004248
ES-IPS_TM_7,ES,ES,6416,2024-05-24T11:26:26.320464,2026-07-17T19:54:49.361461
ES-IPS_TM_8,ES,ES,66412,2024-05-23T13:27:38.050701,2026-07-17T19:52:55.253011
ES-PB_1,ES,ES,33581,2024-05-26T23:05:42.653096,2026-07-17T19:51:50.724984
ES-TM_1,ES,ES,20323,2024-05-24T12:48:38.944508,2026-07-17T18:50:17.557037
ES-TM_10,ES,ES,32898,2024-05-23T14:17:36.084384,2026-07-17T19:53:08.548592
ES-TM_2,ES,ES,32810,2024-05-23T14:17:35.767161,2026-07-17T19:53:08.549265
ES-TM_3,ES,ES,8280,2024-05-23T14:04:02.851560,2026-07-17T19:50:18.430651
ES-TM_5,ES,ES,460245,2024-05-23T23:20:53.338320,2026-07-17T16:51:51.515240
ES-TM_6,ES,ES,10028,2024-05-23T14:04:02.801037,2026-07-17T19:54:49.360800
ES-TM_7,ES,ES,50778,2024-05-23T14:01:43.772643,2026-07-17T19:54:49.361300
ES-TM_8,ES,ES,418892,2024-05-23T21:59:59.020624,2026-07-17T14:15:36.343641
ES-TM_9,ES,ES,8397,2024-07-01T06:00:13.850510,2026-07-17T19:54:49.360618
ES-TM_9,NQ,NQ,1370,2024-05-23T14:09:03.912398,2024-06-27T15:20:04.176564
ES-TS_2,ES,ES,20464,2024-05-23T13:23:22.102897,2026-07-17T19:59:49.412420
ES-TS_3,ES,ES,11916,2024-05-23T13:31:05.422880,2026-07-17T19:54:49.360998
ES-TS_4,ES,ES,39678,2024-05-23T12:56:47.037687,2026-07-06T20:00:15.744442
ES-TS_5,ES,ES,40268,2024-05-23T12:56:47.131905,2026-07-17T19:59:44.124034
ES-TS_6,ES,ES,42818,2024-05-23T13:09:57.593353,2026-07-07T14:08:34.692342
ES-TS_7,ES,ES,1800,2024-05-23T12:56:46.794623,2026-07-17T16:07:08.521760
ES_PB_2,ES,ES,46825,2024-05-26T22:46:24.983511,2026-07-17T19:51:50.724267
ES_PB_3,ES,ES,44419,2024-05-26T22:46:24.598711,2026-07-17T19:51:04.687353
IPSPB1,CL,CL,102,2024-05-28T13:31:49.796766,2024-06-10T18:28:15.211754
IPSPB1,FDAX,FDAX,3097,2024-05-31T08:43:11.715509,2026-06-18T15:53:47.673410
IPSPB1,NQ,NQ,806,2024-05-20T13:37:08.785620,2026-07-17T19:49:59.371565
IPSPB1,ZB,ZB,1,2024-06-05T02:31:41.079264,2024-06-05T04:24:09.895030
IPSPB1,ZN,ZN,2,2024-06-03T14:00:13.322469,2024-06-07T12:30:25.230388
IPSTMUD1,CL,CL,17,2024-05-29T16:45:26.873765,2024-06-06T16:15:01.505451
IPSTMUD1,FDAX,FDAX,6379,2024-05-31T08:43:11.409106,2026-07-17T19:36:22.711432
IPSTMUD1,NQ,NQ,667,2024-05-20T05:58:12.461692,2026-07-12T22:59:59.684814
IPSTMUD1,ZB,ZB,35,2024-05-28T14:42:46.562695,2024-06-10T18:02:35.686556
IPSTMUD1,ZN,ZN,18,2024-05-28T20:47:22.991428,2024-06-09T23:42:48.103137
IPS_TM_10,CL,CL,3346,2024-05-27T06:45:24.160267,2025-06-30T23:29:19.533868
IPS_TM_10,FDAX,FDAX,22018,2024-05-31T08:41:17.442175,2026-07-17T17:02:48.434078
IPS_TM_10,NQ,NQ,8092,2024-03-05T16:05:58.198806,2025-06-30T23:42:50.362128
IPS_TM_10,ZB,ZB,472,2024-05-26T21:59:58.858396,2024-06-30T23:54:40.814171
IPS_TM_10,ZN,ZN,303,2024-05-26T22:00:00.010404,2024-06-30T22:04:59.833784
IPS_TM_11,CL,CL,15485,2024-05-27T06:07:30.993079,2026-07-17T19:03:50.215133
IPS_TM_11,FDAX,FDAX,6895,2024-05-31T09:18:46.828067,2025-04-04T15:17:57.138985
IPS_TM_11,NQ,NQ,20172,2024-03-18T11:12:10.127662,2026-07-17T19:52:07.760026
IPS_TM_11,ZB,ZB,156,2024-05-27T00:27:29.545521,2024-06-30T23:03:29.554885
IPS_TM_11,ZN,ZN,99,2024-05-27T00:23:38.451014,2024-06-10T17:02:22.515658
IPS_TM_12,CL,CL,823,2024-05-27T08:08:27.723476,2026-07-17T19:51:08.036822
IPS_TM_12,FDAX,FDAX,3927,2024-05-31T15:49:47.416446,2026-06-18T14:20:08.673936
IPS_TM_12,NQ,NQ,3353,2024-03-20T10:15:20.776032,2026-07-17T19:30:17.648275
IPS_TM_13,CL,CL,974,2024-05-27T09:07:33.664353,2026-07-17T19:30:04.956038
IPS_TM_13,FDAX,FDAX,3099,2024-05-31T08:43:11.943808,2026-06-18T15:53:47.577666
IPS_TM_13,NQ,NQ,1349,2024-03-20T14:50:59.009853,2026-07-17T19:49:59.371706
IPS_TM_13,ZB,ZB,1,2024-06-05T02:31:40.953862,2024-06-05T04:24:09.895229
IPS_TM_13,ZN,ZN,2,2024-06-03T14:00:13.322410,2024-06-07T12:30:25.229902
IPS_TM_2,NQ,NQ,60,2024-02-15T14:32:08,2024-02-15T19:53:31
IPS_TM_3,CL,CL,829,2024-05-27T07:01:01.389181,2026-07-12T22:01:28.205003
IPS_TM_3,FDAX,FDAX,9125,2024-05-31T08:35:58.250650,2026-07-17T15:44:29.355374
IPS_TM_3,NQ,NQ,4583,2024-03-03T23:23:03.718078,2026-07-12T22:55:55.827876
IPS_TM_3,ZB,ZB,116,2024-05-27T06:31:52.872082,2024-06-10T17:02:01.041873
IPS_TM_3,ZN,ZN,93,2024-05-27T01:37:42.617734,2024-06-30T23:01:36.171861
IPS_TM_4,NQ,NQ,3,2024-03-05T15:28:06.478145,2024-03-05T15:33:39.150807
IPS_TM_5,CL,CL,2074,2024-05-27T03:30:06.726574,2025-04-08T18:33:51.798295
IPS_TM_5,FDAX,FDAX,17759,2024-06-14T11:33:34.268943,2025-04-04T15:15:19.806721
IPS_TM_5,NQ,NQ,11526,2024-03-03T23:07:45.405570,2025-03-30T23:58:51.310958
IPS_TM_5,ZB,ZB,207,2024-05-27T01:45:16.029098,2024-06-12T20:59:03.316580
IPS_TM_5,ZN,ZN,137,2024-05-27T00:23:38.495177,2024-06-12T20:59:06.815940
IPS_TM_5dupli,CL,CL,3095,2024-05-27T06:45:23.993224,2025-06-30T23:29:19.656562
IPS_TM_5dupli,FDAX,FDAX,21766,2024-05-31T08:41:17.443054,2026-07-17T17:02:48.512099
IPS_TM_5dupli,NQ,NQ,7625,2024-03-03T23:01:04.324754,2025-06-30T23:42:50.362344
IPS_TM_5dupli,ZB,ZB,388,2024-05-26T23:07:23.513037,2024-06-30T23:54:40.814249
IPS_TM_5dupli,ZN,ZN,245,2024-05-26T22:00:00.010533,2024-06-30T22:34:44.946422
IPS_TM_6,CL,CL,944,2024-05-27T07:01:01.388048,2026-07-12T22:00:03.596621
IPS_TM_6,FDAX,FDAX,9855,2024-05-31T08:35:58.016705,2026-07-17T15:15:24.021603
IPS_TM_6,NQ,NQ,5087,2024-03-03T23:23:03.871435,2026-07-12T23:46:06.270624
IPS_TM_6,ZB,ZB,161,2024-05-27T06:31:52.827983,2024-06-10T17:02:01.041657
IPS_TM_6,ZN,ZN,129,2024-05-27T01:37:42.357113,2024-06-30T23:19:04.374449
IPS_TM_7,CL,CL,4732,2024-05-27T07:01:01.388974,2026-07-17T19:54:22.613535
IPS_TM_7,FDAX,FDAX,4652,2024-05-31T08:35:58.283300,2025-04-04T12:22:20.740901
IPS_TM_7,NQ,NQ,12728,2024-03-03T23:23:03.871150,2026-07-17T19:54:48.993952
IPS_TM_7,ZB,ZB,176,2024-05-27T06:31:52.872507,2024-06-10T17:08:54.193550
IPS_TM_7,ZN,ZN,138,2024-05-27T01:37:42.428707,2024-06-30T23:14:27.435584
IPS_TM_8,CL,CL,1737,2024-05-27T22:55:14.299439,2025-04-06T23:43:37.901644
IPS_TM_8,FDAX,FDAX,37979,2024-06-13T08:06:33,2026-07-17T20:04:21.230107
IPS_TM_8,NQ,NQ,15953,2024-03-04T09:37:19.483469,2025-03-30T23:45:35.189790
IPS_TM_8,ZB,ZB,284,2024-05-27T00:27:29.264871,2024-06-30T23:44:58.271260
IPS_TM_8,ZN,ZN,178,2024-05-26T21:59:59.774289,2024-06-30T22:02:48.507360
Import,NQ,NQ,98,2024-05-15T12:30:00,2024-05-23T16:03:49
PB_1,CL,CL,1996,2024-05-27T06:45:23.899800,2025-06-30T22:26:14.318127
PB_1,FDAX,FDAX,22015,2024-05-31T08:41:17.151542,2026-07-17T18:06:56.069377
PB_1,NQ,NQ,3827,2024-04-10T18:52:24.141685,2024-08-04T23:57:46.472515
PB_1,ZB,ZB,308,2024-05-26T23:07:23.924138,2024-06-30T23:22:37.501600
PB_1,ZN,ZN,174,2024-05-26T21:59:59.370452,2024-06-30T22:09:13.246453
PB_2,CL,CL,5377,2024-05-27T00:11:10.422701,2026-07-17T19:54:49.362193
PB_2,FDAX,FDAX,14479,2024-05-31T08:35:58.282618,2025-04-04T11:52:15.897557
PB_2,NQ,NQ,2172,2024-05-03T14:05:07.119272,2024-07-14T22:27:24.608159
PB_2,ZB,ZB,322,2024-05-26T23:07:23.924662,2024-06-30T22:17:50.504232
PB_2,ZN,ZN,187,2024-05-26T21:59:59.370253,2024-06-30T22:07:42.295566
PB_3,CL,CL,35283,2024-05-27T00:11:10.482894,2026-07-17T19:49:49.892478
PB_3,FDAX,FDAX,11596,2024-06-13T08:46:54.090027,2025-04-04T11:51:27.262015
PB_3,NQ,NQ,2836,2024-05-03T14:13:08.998618,2025-03-30T23:45:35.124850
PB_3,ZB,ZB,397,2024-05-26T21:59:58.858555,2024-06-30T22:17:50.504316
PB_3,ZN,ZN,256,2024-05-26T21:59:59.370725,2024-06-30T22:07:42.296469
PB_4,NQ,NQ,1153,2024-05-03T14:13:09.087542,2024-05-24T02:11:29.910718
PB_5,NQ,NQ,514,2024-05-13T13:35:02.031491,2024-05-24T02:22:35.200152
PB_6,NQ,NQ,522,2024-05-13T13:35:01.947638,2024-05-24T03:49:29.932572
TM_1,CL,CL,1104,2024-05-27T08:52:06.257527,2026-07-17T18:36:53.536087
TM_1,FDAX,FDAX,3566,2024-05-31T08:18:06.260834,2025-04-04T11:55:28.515551
TM_1,NQ,NQ,5981,2024-03-08T14:55:00.945137,2026-07-17T19:30:41.701799
TM_1,ZB,ZB,185,2024-05-27T05:58:17.366043,2024-06-30T23:00:04.516509
TM_1,ZN,ZN,208,2024-05-28T00:31:17.514640,2024-06-30T23:55:24.749399
TM_10,CL,CL,241,2024-05-28T12:12:05.507913,2025-07-03T20:58:58.960953
TM_10,FDAX,FDAX,26306,2024-05-31T09:15:09.007502,2026-07-17T19:57:26.446823
TM_10,NQ,NQ,14661,2024-03-18T11:21:01.797451,2025-09-21T22:20:14.998644
TM_10,ZB,ZB,13,2024-06-05T11:54:56.361689,2024-06-06T13:32:54.876050
TM_10,ZN,ZN,13,2024-06-05T11:56:34.039981,2024-06-06T20:59:57.415369
TM_11,NQ,NQ,5153,2024-06-19T06:03:30.058453,2026-07-17T14:15:16.712953
TM_2,CL,CL,4779,2024-05-28T12:12:05.525880,2026-07-17T18:38:04.236635
TM_2,FDAX,FDAX,7239,2024-05-31T10:26:05.393330,2025-04-04T12:12:42.170148
TM_2,NQ,NQ,82837,2024-03-08T15:05:36.823608,2026-07-17T19:54:36.738356
TM_2,ZB,ZB,22,2024-05-31T00:43:31.612463,2024-06-07T20:59:59.854545
TM_2,ZN,ZN,23,2024-05-31T00:42:30.971719,2024-06-07T13:48:00.225518
TM_3,CL,CL,834,2024-05-27T07:01:01.495234,2026-07-12T22:01:28.205119
TM_3,FDAX,FDAX,9112,2024-05-31T08:35:58.184231,2026-07-17T15:44:29.355277
TM_3,NQ,NQ,4125,2024-03-08T15:38:28.438449,2026-07-12T22:55:55.827732
TM_3,ZB,ZB,117,2024-05-27T06:31:52.631353,2024-06-10T17:02:01.041734
TM_3,ZN,ZN,98,2024-05-27T01:37:42.428133,2024-06-30T23:01:36.171937
TM_4,NQ,NQ,3,2024-03-08T14:55:48,2024-03-08T15:01:48
TM_5,CL,CL,12021,2024-05-27T02:32:11.878559,2026-07-17T15:05:15.244292
TM_5,FDAX,FDAX,20011,2024-06-14T10:29:17.135124,2025-04-04T12:17:24.333231
TM_5,NQ,NQ,11868,2024-03-08T15:03:31.703481,2024-07-07T23:59:43.726860
TM_5,ZB,ZB,737,2024-05-27T06:32:44.956194,2024-06-12T20:04:30.049443
TM_5,ZN,ZN,662,2024-05-27T10:55:17.390641,2024-06-12T20:59:07.120682
TM_6,CL,CL,934,2024-05-27T07:01:01.388373,2026-07-12T22:02:03.461566
TM_6,FDAX,FDAX,9829,2024-05-31T08:35:58.183399,2026-07-17T15:15:24.243535
TM_6,NQ,NQ,4641,2024-03-08T15:38:28.345842,2026-07-12T23:46:06.270018
TM_6,ZB,ZB,156,2024-05-27T06:31:52.711711,2024-06-10T17:02:01.041769
TM_6,ZN,ZN,133,2024-05-27T01:37:42.428550,2024-06-30T23:19:04.374544
TM_7,CL,CL,2490,2024-05-27T08:52:06.480551,2025-06-30T20:15:27.750006
TM_7,FDAX,FDAX,16469,2024-05-31T08:18:06.114176,2026-07-17T20:11:20.262634
TM_7,NQ,NQ,12589,2024-03-13T14:43:00.249792,2025-06-30T20:48:05.617918
TM_7,ZB,ZB,730,2024-05-26T21:59:59.370831,2024-06-23T23:17:39.726597
TM_7,ZN,ZN,1219,2024-05-26T21:59:59.526384,2024-06-30T22:34:04.323365
TM_8,CL,CL,11238,2024-05-27T03:35:07.290208,2026-07-17T15:05:15.244786
TM_8,FDAX,FDAX,15192,2024-06-13T07:32:14,2025-04-04T12:17:51.124444
TM_8,NQ,NQ,15586,2024-03-10T21:59:58.992376,2024-08-04T23:59:35.873004
TM_8,ZB,ZB,472,2024-05-28T08:53:35.484705,2024-06-30T22:04:59.559274
TM_8,ZN,ZN,564,2024-05-28T08:57:28.886161,2024-06-12T20:59:57.334093
TM_9,CL,CL,3967,2024-05-31T12:52:24.000803,2026-07-17T18:30:57.506688
TM_9,FDAX,FDAX,6089,2024-05-31T10:26:05.392397,2025-04-04T12:13:57.484435
TM_9,NQ,NQ,3045,2024-03-18T11:21:02.179369,2025-03-30T23:29:45.640790
TM_9,ZB,ZB,37,2024-05-28T13:56:29.669335,2024-06-07T13:24:03.284000
TM_9,ZN,ZN,23,2024-05-31T00:42:31.434879,2024-06-07T20:15:03.760279
TM_D-R-1_1,NQ,NQ,45163,2024-06-02T22:02:30.563156,2026-07-17T19:50:03.207159
TM_D-R-1_2,NQ,NQ,39098,2024-06-18T12:00:03.097936,2026-07-17T19:52:02.114963
TM_U-D-1_1,NQ,NQ,73565,2024-06-02T22:05:02.053458,2026-07-17T19:52:52.060533
TS_1,NQ,NQ,42,2024-03-15T16:31:34.538023,2024-03-28T15:52:49.518609
TS_2,CL,CL,1055,2024-05-27T15:29:13.907599,2025-06-30T18:59:03.281640
TS_2,FDAX,FDAX,5021,2024-05-31T08:18:05.921726,2026-07-17T11:51:54.577782
TS_2,NQ,NQ,5202,2024-03-15T12:41:02.780787,2025-06-30T20:34:00.909783
TS_2,ZB,ZB,157,2024-05-27T10:11:43.272033,2024-06-30T23:55:25.826276
TS_2,ZN,ZN,203,2024-05-27T15:06:13.230753,2024-06-30T22:34:04.323688
TS_3,CL,CL,195,2024-05-27T13:56:12.224763,2024-06-04T07:28:32.459488
TS_3,NQ,NQ,15126,2024-04-25T13:31:46.247947,2026-07-17T19:37:18.240003
TS_4,CL,CL,2551,2024-05-26T22:00:00.322330,2026-07-17T19:39:40.364372
TS_4,FDAX,FDAX,8125,2024-05-31T07:57:26.967664,2025-04-04T15:21:34.012339
TS_4,NQ,NQ,6465,2024-05-08T13:56:13.814828,2026-07-17T19:54:49.086820
TS_4,ZB,ZB,276,2024-05-28T00:23:30.441348,2024-06-30T22:05:29.254597
TS_4,ZN,ZN,262,2024-05-27T06:34:16.204704,2024-06-30T23:55:42.779905
TS_5,CL,CL,13905,2024-05-26T22:00:00.521886,2026-07-17T19:39:40.365540
TS_5,FDAX,FDAX,8064,2024-05-31T07:57:27.051186,2025-04-04T15:21:55.422481
TS_5,NQ,NQ,33371,2024-05-08T16:21:44.949098,2026-07-17T19:54:37.346789
TS_5,ZB,ZB,267,2024-05-28T00:23:30.441170,2024-06-30T22:05:29.161832
TS_5,ZN,ZN,251,2024-05-27T06:34:16.275132,2024-06-30T23:55:42.707539
TS_6,CL,CL,14289,2024-05-26T22:00:00.521724,2026-07-17T19:39:40.364739
TS_6,FDAX,FDAX,8172,2024-05-31T07:57:27.289188,2025-04-04T15:22:17.507396
TS_6,NQ,NQ,32506,2024-05-08T16:11:09.977074,2026-07-17T19:54:49.087222
TS_6,ZB,ZB,267,2024-05-28T00:23:30.362163,2024-06-30T22:02:57.232562
TS_6,ZN,ZN,237,2024-05-27T06:34:16.274701,2024-06-30T23:56:25.856469
TS_7,CL,CL,508,2024-05-29T15:21:45.425270,2026-07-15T19:20:02.173037
TS_7,FDAX,FDAX,167,2024-05-31T18:24:15.073003,2025-04-04T11:15:53.549367
TS_7,NQ,NQ,1644,2024-05-16T16:37:15.495276,2026-07-17T15:18:27.196326
TS_7,ZB,ZB,12,2024-06-05T01:01:25.398527,2024-06-07T18:46:03.350098
TS_7,ZN,ZN,18,2024-05-30T14:03:10.646064,2024-06-06T13:00:01.203220
V500_sim10,CL,CL,6,2024-12-18T09:49:04.936428,2024-12-18T10:14:17.553676
V500_sim10,ES,ES,11943,2024-08-01T09:37:08.196436,2024-12-11T09:33:02.166178
V500_sim10,MES,MES,6,2024-08-16T08:06:32.979384,2024-08-16T08:22:21.630727
V500_sim10,MNQ,MNQ,116,2024-08-05T12:03:08.283409,2024-12-18T10:17:10.063068
V500_sim10,NQ,NQ,17728,2024-01-22T06:46:15,2025-05-27T09:49:50.220397
V500_sim13,ES,ES,383,2024-10-02T09:50:40.797622,2024-10-22T06:47:20.697653
V500_sim13,NQ,NQ,996,2024-01-22T06:46:15,2025-01-13T14:46:02.911170
V500_sim14,ES,ES,385,2024-10-02T09:50:57.964963,2024-10-22T06:47:20.511490
V500_sim14,NQ,NQ,1131,2024-01-22T03:47:44,2024-10-04T09:12:57.968539
V500_sim15,ES,ES,39,2024-10-03T07:40:55.489406,2024-10-22T06:48:05.828546
V500_sim15,NQ,NQ,1818,2024-01-22T00:09:25,2024-10-03T12:04:12.045074
V500_sim16,NQ,NQ,1791,2024-01-22T00:09:25,2024-10-03T12:04:12.117092
V500_sim19,NQ,NQ,1508,2024-01-22T03:47:44,2024-10-04T09:12:57.968317
V500_sim7,NQ,NQ,359,2024-01-22T06:46:15,2024-05-15T16:29:08
V500_sim8,NQ,NQ,850,2024-01-22T03:47:44,2024-02-15T12:08:08
V500_sim9,NQ,NQ,238,2024-01-22T06:46:15,2024-02-14T20:31:52
V_sim16,MNQ,MNQ,3,2024-06-17T19:35:10.430810,2024-06-17T19:50:37.892971
V_sim16,NQ,NQ,39661,2025-04-03T06:05:23.709782,2026-07-17T19:30:05.657686
V_sim7,ES,ES,52,2024-12-17T01:50:19.031446,2024-12-30T18:47:26.819600
V_sim7,NQ,NQ,62,2024-11-05T17:29:34.477107,2024-12-17T12:12:27.270467
ZB-TM_6,CL,CL,4,2024-08-09T15:40:21.961733,2024-08-09T18:05:11.440745
sachin_,NQ,NQ,20,2024-01-25T07:24:51,2024-02-13T20:46:02
