account,days,total_raw_fills,total_ghosts,ghost_rate_pct,bypass_days,dirty_net,clean_net,pnl_delta,flagged_days,flag_rate_pct
TS_5,508,94332,676,0.717,2,81151121692.79,-22949058621.74,-104100180314.54,142,28.0
TS_6,509,88159,621,0.704,1,87682272735.53,14224008569.24,-73458264166.29,144,28.3
IPS_TM_11,552,72101,931,1.291,2,-7883066323.3,61271392669.07,69154458992.37,167,30.3
TM_2,565,145653,52206,35.843,560,3445578827.68,-29849274906.76,-33294853734.44,516,91.3
TS_4,275,27506,137,0.498,0,17006968809.19,2668545803.97,-14338423005.23,28,10.2
TM_7,623,55025,125,0.227,0,20461184419.53,10537446390.63,-9923738028.9,24,3.9
IPS_TM_7,552,38318,290,0.757,1,-347052706.79,6378219924.42,6725272631.22,93,16.8
IPS_TM_10,633,56613,166,0.293,3,4869046318.32,10025723758.82,5156677440.5,29,4.6
PB_2,272,36755,150,0.408,1,305517657.88,4611328408.71,4305810750.83,20,7.4
IPS_TM_8,612,97022,267,0.275,2,7676402826.77,11942271424.81,4265868598.04,22,3.6
TM_1,343,19164,6626,34.575,314,132419427.07,-3875413264.79,-4007832691.86,301,87.8
TM_10,634,64854,25182,38.829,634,2268776608.88,-926304272.3,-3195080881.18,598,94.3
TS_2,591,18340,103,0.562,0,4783632573.31,2668985983.92,-2114646589.39,29,4.9
TM_5,325,76190,159,0.209,3,2970594466.21,1213612654.85,-1756981811.35,22,6.8
IPS_TM_3,655,25271,79,0.313,1,-960995503.12,377409944.42,1338405447.54,24,3.7
TM_3,649,24490,72,0.294,1,-877017512.73,412759866.8,1289777379.53,22,3.4
PB_1,567,46292,79,0.171,2,535058316.33,-709339099.73,-1244397416.07,11,1.9
TM_8,329,71958,522,0.725,4,2129072558.34,3116478442.1,987405883.76,41,12.5
Tsufim-Prod,538,18065,4915,27.207,242,203966581.69,-706444324.71,-910410906.4,445,82.7
TS_3,465,24756,377,1.523,2,1453363468.94,713941780.67,-739421688.27,185,39.8
IPS_TM_5,320,56336,45,0.08,1,3146866204.23,2416626715.24,-730239488.99,11,3.4
IPS_TM_13,602,8708,17,0.195,2,305826052.96,-404183010.88,-710009063.84,10,1.7
TM_6,651,24593,51,0.207,4,-1473414000.42,-965754811.16,507659189.26,20,3.1
IPS_TM_5dupli,636,54129,64,0.118,3,3712473414.66,3449477308.76,-262996105.9,13,2.0
TM_9,527,21511,8848,41.132,527,167153282.04,393405173.93,226251891.89,480,91.1
IPSPB1,545,6449,10,0.155,3,284823004.18,64807497.36,-220015506.82,6,1.1
TS_7,390,3760,24,0.638,1,-350505455.63,-145606126.03,204899329.59,12,3.1
IPS_TM_12,616,13315,51,0.383,4,498085165.67,695358323.7,197273158.03,21,3.4
Depth,35,3131,1428,45.608,35,17156454.6,-173820448.62,-190976903.22,33,94.3
IPS_TM_6,656,25098,28,0.112,4,-849109498.07,-694983257.9,154126240.17,8,1.2
T-S_production,654,59329,2659,4.482,2,-320456323.51,-438952625.06,-118496301.55,352,53.8
IPSTMUD1,573,11559,6,0.052,0,51085377.46,-1473793.97,-52559171.43,2,0.3
V500_sim10,130,45443,788,1.734,71,-507133.0,37123417.4,37630550.4,86,66.2
ES-TM_2,598,50533,18695,36.996,598,-737625.0,3337162.5,4074787.5,566,94.6
ES-TM_9,571,16190,6322,39.049,571,-83427.5,3310855.0,3394282.5,534,93.5
ES-TM_10,586,50736,18912,37.275,586,-641112.5,2314100.0,2955212.5,553,94.4
V_sim16,370,61149,561,0.917,1,-452243.0,-1849878.0,-1397635.0,198,53.5
ES-IPS_TM_5,594,367822,4832,1.314,0,-5465787.5,-4111025.0,1354762.5,347,58.4
3Q_sim16,382,6548,384,5.864,23,-89110.0,-1333449.97,-1244339.97,129,33.8
ES-TM_8,564,658510,4379,0.665,7,-12260587.5,-13339662.5,-1079075.0,189,33.5
PB_3,500,89775,649,0.723,0,7083998367.22,7084968611.58,970244.35,120,24.0
ES-IPS_TM_8,574,127885,3939,3.08,1,-3053900.0,-2119675.0,934225.0,397,69.2
3Q_sim13,461,24572,1509,6.141,24,-149995.01,754234.97,904229.98,279,60.5
ES-IPS_TM_11,584,64885,2105,3.244,1,-1416475.0,-736200.0,680275.0,378,64.7
ES-IPS_TM_5dupl,572,55343,707,1.277,1,-827262.5,-329925.0,497337.5,219,38.3
ES-TM_7,573,84360,765,0.907,5,-25162.5,428800.0,453962.5,242,42.2
ES-TS_5,524,64884,859,1.324,2,-6137.5,-414087.5,-407950.0,237,45.2
TM_D-R-1_2,573,59243,202,0.341,0,97700.0,-293430.0,-391130.0,126,22.0
3Q_sim7,405,6288,431,6.854,25,-142529.98,-515759.98,-373229.99,118,29.1
ES_PB_3,600,81079,1643,2.026,1,-1269762.5,-938875.0,330887.5,319,53.2
ES-TS_4,558,61783,812,1.314,2,-49500.0,-360575.0,-311075.0,222,39.8
TM_U-D-1_1,476,115057,1994,1.733,3,-1778390.0,-2076895.0,-298505.0,338,71.0
ES-TM_5,579,708193,4850,0.685,4,-13122975.0,-13419387.5,-296412.5,204,35.2
ES-PB_1,587,58537,821,1.403,1,-707150.0,-422400.0,284750.0,240,40.9
V500_sim16,21,2723,912,33.492,20,-11860.0,208930.0,220790.0,18,85.7
ES_PB_2,600,82608,1546,1.871,1,-1185600.0,-979275.0,206325.0,306,51.0
3Q_sim14,533,78327,1629,2.08,23,-1166459.96,-987409.97,179050.0,265,49.7
V500_sim15,24,2815,900,31.972,20,-26172.5,143982.5,170155.0,19,79.2
ES-IPS_TM_12,539,18585,561,3.019,1,-344037.5,-507800.0,-163762.5,229,42.5
ES-IPS_TM_13,507,8490,103,1.213,1,-29225.0,132900.0,162125.0,59,11.6
B_sim14,90,10627,3297,31.025,90,-107845.0,-268150.0,-160305.0,69,76.7
ES-TS_3,510,19189,311,1.621,4,102800.0,247437.5,144637.5,146,28.6
ES-TS_6,547,68211,861,1.262,1,-27850.0,-165312.5,-137462.5,258,47.2
3Q_sim15,477,19559,657,3.359,16,-288264.99,-163815.0,124449.99,223,46.8
3Q_sim19,402,7472,457,6.116,24,-150129.99,-269299.99,-119170.0,141,35.1
A_sim14,95,20522,6396,31.167,95,-146730.0,-259455.0,-112725.0,72,75.8
V500_sim19,81,2461,764,31.044,79,-9470.0,-115675.0,-106205.0,70,86.4
V500_sim14,24,2405,588,24.449,19,-11595.0,-89970.0,-78375.0,19,79.2
TM_D-R-1_1,513,67961,204,0.3,1,-313390.0,-372720.0,-59330.0,130,25.3
ES-TS_2,538,32165,529,1.645,3,-26500.0,22537.5,49037.5,212,39.4
ES-IPS_TM_7,513,11260,224,1.989,4,8412.5,-38112.5,-46525.0,123,24.0
V500_sim13,84,2158,453,20.992,78,-27027.5,19252.5,46280.0,75,89.3
ES-TM_3,520,14527,294,2.024,1,-58637.5,-103112.5,-44475.0,151,29.0
V500_sim7,57,616,201,32.63,57,-2460.0,-46695.0,-44235.0,51,89.5
V500_sim8,19,1359,445,32.745,19,-3775.0,-46755.0,-42980.0,19,100.0
TM_11,418,9911,178,1.796,0,215.0,-36980.0,-37195.0,110,26.3
A_sim15,87,10912,3850,35.282,87,-62735.0,-25690.0,37045.0,64,73.6
ES-IPS_TM_3,527,14707,285,1.938,1,-51830.0,-86167.5,-34337.5,144,27.3
ES-IPS_TM_10,55,4713,66,1.4,0,-45200.0,-76137.5,-30937.5,19,34.5
A_production_14_16_19,19,1077,371,34.448,19,-19565.0,-50320.0,-30755.0,18,94.7
A_production_19,18,380,133,35.0,18,-7910.0,18880.0,26790.0,16,88.9
V500_sim9,19,364,122,33.516,19,-6230.0,20315.0,26545.0,18,94.7
ES-TM_1,567,34996,14667,41.911,567,17625.0,-8512.5,-26137.5,532,93.8
ES-TS_7,398,2787,14,0.502,3,-27900.0,-5762.5,22137.5,12,3.0
A_sim19,25,949,32,3.372,25,1310.0,-20650.0,-21960.0,10,40.0
A_sim8,19,353,119,33.711,19,-1340.0,18445.0,19785.0,13,68.4
Import,7,166,64,38.554,7,2905.0,-12410.0,-15315.0,7,100.0
3Q_sim10,154,1295,80,6.178,1,-27330.0,-41850.0,-14520.0,45,29.2
ES-IPSPB1,39,604,6,0.993,0,-8087.5,-20687.5,-12600.0,4,10.3
A_sim16,28,1277,118,9.24,28,-7100.0,4850.0,11950.0,10,35.7
A_production_16,18,295,104,35.254,18,-2310.0,-13270.0,-10960.0,16,88.9
CL-TS_6,1,400,12,3.0,0,-22450.0,-11880.0,10570.0,1,100.0
IPS_TM_2,1,95,35,36.842,1,-2620.0,6930.0,9550.0,1,100.0
ES-TM_6,537,16109,278,1.726,1,-38850.0,-47675.0,-8825.0,136,25.3
ES-IPS_TM_6,537,15997,273,1.707,1,10262.5,18375.0,8112.5,140,26.1
CL-TS_4,1,330,7,2.121,0,-11440.0,-3840.0,7600.0,1,100.0
sachin_,14,72,37,51.389,14,-200.0,5880.0,6080.0,11,78.6
V_sim7,8,178,3,1.685,0,-488310.0,-494260.0,-5950.0,2,25.0
ES-IPSMUD1,46,934,3,0.321,0,-8250.0,-13362.5,-5112.5,2,4.3
CL-TS_5,1,327,4,1.223,0,-14010.0,-9030.0,4980.0,1,100.0
TM_4,1,7,4,57.143,1,-1725.0,0.0,1725.0,1,100.0
IPS_TM_9,1,5,3,60.0,1,-975.0,0.0,975.0,1,100.0
CL-TS_2,1,155,4,2.581,0,-910.0,-320.0,590.0,1,100.0
A_sim13,21,451,157,34.812,21,-2805.0,-3385.0,-580.0,15,71.4
3Q_sim8,20,1091,0,0.0,20,2005.0,2005.0,0.0,0,0.0
3Q_sim9,16,81,0,0.0,16,-190.0,-190.0,0.0,0,0.0
A_sim10,58,771,0,0.0,58,-3995.0,-3995.0,0.0,0,0.0
A_sim7,61,1179,0,0.0,61,-4425.0,-4425.0,0.0,0,0.0
A_sim9,16,77,0,0.0,16,-285.0,-285.0,0.0,0,0.0
CL-TS_3,1,59,0,0.0,0,1590.0,1590.0,0.0,0,0.0
CL-TS_7,1,11,0,0.0,0,800.0,800.0,0.0,0,0.0
IPS_TM_4,1,6,0,0.0,0,-1380.0,-1380.0,0.0,0,0.0
PB_4,19,1973,0,0.0,0,-2615.0,-2615.0,0.0,0,0.0
PB_5,10,900,0,0.0,0,-29645.0,-29645.0,0.0,0,0.0
PB_6,11,903,0,0.0,1,-37345.0,-37345.0,0.0,0,0.0
TS_1,9,68,0,0.0,0,-4280.0,-4280.0,0.0,0,0.0
ZB-TM_6,1,6,0,0.0,0,380.0,380.0,0.0,0,0.0
